Top pages,Clicks,Impressions,CTR,Position
https://dotforlife.com/blog/saudi-mortgage-guide-2025-en.html,0.0,181.0,0.0,25.19
https://www.dotforlife.com/tools/calorie-calculator.html,0.0,112.0,0.0,59.21
https://www.dotforlife.com/guides/saudi-tourism.html,0.0,103.0,0.0,62.19
https://dotforlife.com/tools/calorie-calculator.html,0.0,93.0,0.0,54.34
https://www.dotforlife.com/tools/qibla.html,1.0,64.0,0.015600000000000001,12.03
https://www.dotforlife.com/blog/saudi-mortgage-guide.html,0.0,53.0,0.0,8.96
https://dotforlife.com/blog/zakat-investment-portfolios-en.html,0.0,34.0,0.0,9.21
https://dotforlife.com/blog/medina-hotels-near-masjid-nabawi-en.html,0.0,34.0,0.0,16.38
https://dotforlife.com/blog/bmi-middle-eastern-adults-en.html,0.0,31.0,0.0,9.97
https://dotforlife.com/blog/makkah-hotels-guide-en.html,0.0,27.0,0.0,20.11
https://dotforlife.com/blog/umrah-budget-guide-families-en.html,0.0,25.0,0.0,13.52
https://www.dotforlife.com/cities/abu-dhabi/,0.0,25.0,0.0,55.2
https://www.dotforlife.com/real-estate/riyadh-rental-yield.html,0.0,19.0,0.0,11.16
https://www.dotforlife.com/blog/gcc-family-budget.html,0.0,19.0,0.0,12.58
https://www.dotforlife.com/guides/saudi-real-estate-investing.html,0.0,17.0,0.0,45.41
https://www.dotforlife.com/real-estate/oman-property-roi.html,0.0,15.0,0.0,7.67
https://dotforlife.com/guides/saudi-real-estate-investing.html,0.0,14.0,0.0,79.36
https://www.dotforlife.com/family.html,0.0,11.0,0.0,26.27
https://www.dotforlife.com/pregnancy-journey.html,0.0,11.0,0.0,57.27
https://dotforlife.com/blog/water-intake-hot-climates-guide-en.html,0.0,10.0,0.0,18.3
https://dotforlife.com/blog/masjid-nabawi-complete-guide-en.html,0.0,10.0,0.0,42.5
https://dotforlife.com/peace-capsules/peace-at-home-5-steps-en.html,0.0,10.0,0.0,71.6
https://dotforlife.com/fitness.html,0.0,9.0,0.0,50.22
https://dotforlife.com/,0.0,8.0,0.0,2.62
https://www.dotforlife.com/,0.0,8.0,0.0,3.75
https://dotforlife.com/archive.html,0.0,8.0,0.0,3.88
https://dotforlife.com/our-vision.html,0.0,8.0,0.0,5.38
https://dotforlife.com/library.html,0.0,8.0,0.0,11.5
https://dotforlife.com/featured-stories/featured-story-saudi-mother-en.html,0.0,8.0,0.0,23.12
https://www.dotforlife.com/about.html,0.0,7.0,0.0,6.29
https://www.dotforlife.com/real-estate/jeddah-mortgage-calculator.html,0.0,7.0,0.0,7.71
https://www.dotforlife.com/tools/salary-calculator.html,0.0,7.0,0.0,11.0
https://dotforlife.com/comparisons/lease-vs-buy-car-en.html,1.0,6.0,0.16670000000000001,6.5
https://dotforlife.com/blog.html,0.0,5.0,0.0,5.0
https://dotforlife.com/life-guide.html,0.0,5.0,0.0,5.0
https://dotforlife.com/editorial-standards.html,0.0,5.0,0.0,6.0
https://dotforlife.com/terms.html,0.0,5.0,0.0,6.0
https://dotforlife.com/blog/salalah-travel-guide-2025-en.html,0.0,5.0,0.0,7.2
https://www.dotforlife.com/blog/salalah-khareef.html,0.0,5.0,0.0,9.4
https://www.dotforlife.com/guides/mecca-medina.html,0.0,5.0,0.0,10.0
https://dotforlife.com/blog/walking-vs-running-comparison.html,0.0,5.0,0.0,13.4
https://dotforlife.com/blog/gold-vs-savings-account-comparison.html,0.0,5.0,0.0,15.4
https://dotforlife.com/pregnancy-journey.html,0.0,5.0,0.0,59.2
https://dotforlife.com/contact.html,0.0,4.0,0.0,4.0
https://dotforlife.com/comparisons/comparisons-public-vs-private-education-en.html,0.0,4.0,0.0,5.0
https://www.dotforlife.com/blog.html,0.0,4.0,0.0,5.0
https://dotforlife.com/about.html,0.0,4.0,0.0,5.5
https://dotforlife.com/health.html,0.0,4.0,0.0,5.5
https://www.dotforlife.com/library.html,0.0,4.0,0.0,6.75
https://dotforlife.com/islamic.html,0.0,4.0,0.0,8.0
https://www.dotforlife.com/cities/oman/,0.0,4.0,0.0,8.25
https://www.dotforlife.com/tools/age-calculator.html,0.0,4.0,0.0,10.75
https://www.dotforlife.com/tasks.html,0.0,4.0,0.0,13.5
https://www.dotforlife.com/blog/zakat-investment-portfolios.html,0.0,4.0,0.0,14.5
https://www.dotforlife.com/health/bmi-calculator-women.html,0.0,4.0,0.0,24.75
https://dotforlife.com/travel.html,0.0,3.0,0.0,2.67
https://dotforlife.com/life-guide.html?g=flow-your-day,0.0,3.0,0.0,4.0
https://www.dotforlife.com/guides/complete-life-guide.html,0.0,3.0,0.0,5.0
https://dotforlife.com/family.html,0.0,3.0,0.0,5.33
https://www.dotforlife.com/cities/riyadh/,0.0,3.0,0.0,5.33
https://dotforlife.com/blog/gcc-family-budget-2025-en.html,0.0,3.0,0.0,5.67
https://www.dotforlife.com/tools/return-to-hotel.html,0.0,3.0,0.0,6.0
https://dotforlife.com/productivity.html,0.0,3.0,0.0,6.67
https://www.dotforlife.com/blog/expat-vs-national-finance.html,0.0,3.0,0.0,7.0
https://www.dotforlife.com/islamic.html,0.0,3.0,0.0,8.0
https://dotforlife.com/blog/visceral-fat-gulf-en.html,0.0,3.0,0.0,9.0
https://dotforlife.com/blog/bmi-middle-eastern-adults.html,0.0,3.0,0.0,14.0
https://dotforlife.com/comparisons/comparisons-ready-vs-build-home-en.html,0.0,3.0,0.0,17.33
https://dotforlife.com/blog/salalah-khareef-en.html,0.0,3.0,0.0,29.33
https://dotforlife.com/life-tools.html,0.0,2.0,0.0,2.0
https://www.dotforlife.com/terms.html,0.0,2.0,0.0,3.0
https://www.dotforlife.com/blog/notification-cost-productivity.html,0.0,2.0,0.0,4.5
https://www.dotforlife.com/life-guide.html?g=home-reset,0.0,2.0,0.0,5.5
https://www.dotforlife.com/life-guide.html?g=quick-dinner,0.0,2.0,0.0,6.0
https://www.dotforlife.com/life-guide.html?g=slow-living,0.0,2.0,0.0,6.0
https://www.dotforlife.com/cities/dubai/,0.0,2.0,0.0,7.0
https://dotforlife.com/featured-stories/gulf-father-money-lessons-en.html,0.0,2.0,0.0,7.5
https://dotforlife.com/featured-stories/gulf-father-money-lessons.html,0.0,2.0,0.0,7.5
https://dotforlife.com/tools/age-calculator.html,0.0,2.0,0.0,7.5
https://www.dotforlife.com/life-guide.html?g=connection,0.0,2.0,0.0,7.5
https://dotforlife.com/comparisons/comparisons-ready-vs-build-home.html,0.0,2.0,0.0,9.0
https://dotforlife.com/plants.html,0.0,2.0,0.0,9.0
https://dotforlife.com/blog/umrah-budget-guide-families.html,0.0,2.0,0.0,10.0
https://dotforlife.com/featured-stories/featured-story-saudi-mother.html,0.0,2.0,0.0,10.0
https://dotforlife.com/blog/zakat-investment-portfolios.html,0.0,2.0,0.0,16.5
https://dotforlife.com/blog/masjid-nabawi-complete-guide.html,0.0,2.0,0.0,18.0
https://www.dotforlife.com/life-guide.html?g=saving-habit,0.0,2.0,0.0,28.0
https://dotforlife.com/featured-stories/featured-story-arab-father-teens-en.html,0.0,2.0,0.0,45.0
https://www.dotforlife.com/blog/mindful-living-gulf-heat.html,0.0,1.0,0.0,1.0
https://www.dotforlife.com/life-guide.html?g=flow-your-day,0.0,1.0,0.0,1.0
https://dotforlife.com/blog/preparing-for-pregnancy-guide-en.html,0.0,1.0,0.0,2.0
https://www.dotforlife.com/cities/jeddah/,0.0,1.0,0.0,3.0
https://dotforlife.com/blog/house-affordability-single-income-guide-en.html,0.0,1.0,0.0,4.0
https://www.dotforlife.com/life-guide.html?g=family-meals,0.0,1.0,0.0,4.0
https://dotforlife.com/blog/mindful-living-gulf-heat-en.html,0.0,1.0,0.0,6.0
https://www.dotforlife.com/cities/riyadh/index.html,0.0,1.0,0.0,6.0
https://www.dotforlife.com/cities/abu-dhabi/index.html,0.0,1.0,0.0,7.0
https://www.dotforlife.com/life-guide.html?g=morning-routine,0.0,1.0,0.0,7.0
https://dotforlife.com/blog/saudi-mortgage-guide-2025.html,0.0,1.0,0.0,8.0
https://dotforlife.com/blog/walking-vs-running-comparison-en.html,0.0,1.0,0.0,8.0
https://dotforlife.com/blog/water-intake-hot-climates-guide.html,0.0,1.0,0.0,9.0
https://www.dotforlife.com/archive.html,0.0,1.0,0.0,9.0
https://www.dotforlife.com/blog/ramadan-meal-planning.html,0.0,1.0,0.0,9.0
https://dotforlife.com/featured-stories/featured-story-gulf-family-home.html,0.0,1.0,0.0,10.0
https://www.dotforlife.com/tools/currency-converter.html,0.0,1.0,0.0,10.0
https://dotforlife.com/real-estate.html,0.0,1.0,0.0,14.0
https://dotforlife.com/tools/qibla.html,0.0,1.0,0.0,17.0
https://dotforlife.com/comparisons/comparisons-public-vs-private-education.html,0.0,1.0,0.0,18.0
https://dotforlife.com/blog/organize-life-daily-systems-en.html,0.0,1.0,0.0,20.0
https://www.dotforlife.com/our-vision.html,0.0,1.0,0.0,21.0
https://dotforlife.com/blog/salalah-khareef.html,0.0,1.0,0.0,22.0
https://dotforlife.com/blog/visceral-fat-gulf.html,0.0,1.0,0.0,24.0
https://dotforlife.com/blog/umrah-packing-checklist-guide.html,0.0,1.0,0.0,29.0
https://dotforlife.com/blog/emergency-fund-calculator-guide-en.html,0.0,1.0,0.0,36.0
https://dotforlife.com/blog/hajj-umrah-guide-2025-en.html,0.0,1.0,0.0,37.0
https://www.dotforlife.com/blog/pregnancy-weeks-guide-en.html,0.0,1.0,0.0,39.0
https://www.dotforlife.com/blog/visceral-fat-gulf-en.html,0.0,1.0,0.0,40.0
https://dotforlife.com/blog/house-affordability-single-income-guide.html,0.0,1.0,0.0,42.0
https://dotforlife.com/life-guide.html?c=cap_20260619_19&lang=en,0.0,1.0,0.0,43.0
https://dotforlife.com/life-guide.html?c=cap_20260620_20&lang=en,0.0,1.0,0.0,44.0
https://www.dotforlife.com/blog/mindful-living-gulf-heat-en.html,0.0,1.0,0.0,45.0
https://www.dotforlife.com/featured-stories/gulf-father-money-lessons-en.html,0.0,1.0,0.0,50.0
https://dotforlife.com/featured-stories/featured-story-gulf-family-home-en.html,0.0,1.0,0.0,52.0
https://dotforlife.com/tasks.html,0.0,1.0,0.0,68.0
