Top queries,Clicks,Impressions,CTR,Position
حاسبة الكالوري,0.0,30.0,0.0,56.07
saudi tourism,0.0,23.0,0.0,47.96
bmr calculator بالعربي,0.0,23.0,0.0,48.26
saudi arabia tourism,0.0,19.0,0.0,56.05
calorie calculator بالعربي,0.0,18.0,0.0,58.67
home loan abu dhabi,0.0,18.0,0.0,63.06
حساب احتياجك من السعرات,0.0,13.0,0.0,57.0
home finance,0.0,13.0,0.0,79.08
saudi home loans,0.0,12.0,0.0,50.83
branded residence investment guide saudi arabia,0.0,11.0,0.0,84.27
اتجاه القبلة,0.0,10.0,0.0,18.7
حساب السعرات الحرارية للجسم,0.0,10.0,0.0,53.4
حاسبة للسعرات الحرارية,0.0,10.0,0.0,54.3
حاسبة احتياج السعرات,0.0,10.0,0.0,58.3
حمل,0.0,10.0,0.0,59.8
home financing,0.0,10.0,0.0,75.0
حاسبة السعرات الحرارية للجسم,0.0,9.0,0.0,56.11
حاسبة السعرات الحرارية,0.0,9.0,0.0,61.89
حساب سعراتي اليوميه,0.0,7.0,0.0,60.71
كالوري كالكوليتر,0.0,7.0,0.0,64.71
saudi arabia luxury real estate investment guide,0.0,6.0,0.0,44.83
الحمل,0.0,6.0,0.0,54.67
"intext:(saudi or السعودية) intext:(tourism or السياحة or hotels or فنادق or 
booking or حجز)",0.0,6.0,0.0,123.83
"intext:(saudi or riyadh or jeddah or mecca or medina or dammam or khobar) 
intext:(tourism or travel or hotels or resorts or booking or tours or trips)",0.0,6.0,0.0,145.33
tourism in saudi,0.0,5.0,0.0,49.0
معرفة احتياجك من السعرات,0.0,5.0,0.0,58.6
tourism in saudi arabia,0.0,5.0,0.0,59.6
حاسبة السعرات الحرارية لزيادة الوزن,0.0,5.0,0.0,66.6
لمراقبة اللياقة البدنية,0.0,5.0,0.0,74.2
حاسبة قروض الإسكان أبوظبي,0.0,4.0,0.0,35.5
tourism saudi arabia,0.0,4.0,0.0,50.75
حاسبة السعرات,0.0,4.0,0.0,54.0
ksa tourism,0.0,4.0,0.0,56.25
حساب bmr,0.0,4.0,0.0,61.75
saudi mortgage,0.0,4.0,0.0,67.75
is saudi arabia good for tourism,0.0,4.0,0.0,80.25
عائلتي,0.0,3.0,0.0,28.0
حاسبه السعرات الحراريه للجسم,0.0,3.0,0.0,53.0
kingdom of saudi arabia tourism,0.0,3.0,0.0,58.67
حساب السعرات الحرارية التي يحتاجها الجسم,0.0,3.0,0.0,60.33
peaceful home strategies,0.0,3.0,0.0,84.0
اتجا,0.0,2.0,0.0,7.0
احسب سعراتك,0.0,2.0,0.0,50.5
saudi arabia tourism guide,0.0,2.0,0.0,51.0
house peace,0.0,2.0,0.0,51.5
saudia arabia tourism,0.0,2.0,0.0,52.5
tourism saudi,0.0,2.0,0.0,52.5
home buyers loan saudi arabia,0.0,2.0,0.0,65.5
حاسبة السعرات الحرارية لإنقاص الوزن,0.0,2.0,0.0,67.0
قياس السعرات,0.0,2.0,0.0,70.5
prayer times masjid al nabawi,0.0,2.0,0.0,76.0
the saudi arabia tourism guide,0.0,2.0,0.0,77.0
does saudi arabia have tourism,0.0,2.0,0.0,80.5
القبله مكه,1.0,1.0,1.0,1.0
مهمات,0.0,1.0,0.0,15.0
عائلتى,0.0,1.0,0.0,22.0
mortgage loan for saudi nationals,0.0,1.0,0.0,27.0
فبله,0.0,1.0,0.0,27.0
qibla calculator,0.0,1.0,0.0,39.0
roi on apartments in riyadh,0.0,1.0,0.0,39.0
zakat compliant investment,0.0,1.0,0.0,40.0
حساب السعرات والماكروز,0.0,1.0,0.0,40.0
حساب سعرات الجسم,0.0,1.0,0.0,41.0
itijah al qibla,0.0,1.0,0.0,48.0
كم احتاج من سعره حراريه لفقد 1 كيلو اسبوعيا,0.0,1.0,0.0,49.0
حساب راتب,0.0,1.0,0.0,52.0
saudi arabian tourism,0.0,1.0,0.0,53.0
saudi tourist,0.0,1.0,0.0,54.0
where to stay near masjid al nabawi,0.0,1.0,0.0,54.0
fitness for life,0.0,1.0,0.0,56.0
سهم اتجاه القبلة,0.0,1.0,0.0,58.0
كام سعره,0.0,1.0,0.0,58.0
كيف احسب سعراتي,0.0,1.0,0.0,59.0
best hotels near masjid al nabawi,0.0,1.0,0.0,62.0
حساب السعرات للجسم,0.0,1.0,0.0,64.0
saudi arabia tourism english,0.0,1.0,0.0,65.0
حساب السعرات,0.0,1.0,0.0,66.0
دليل مجاني,0.0,1.0,0.0,66.0
كيفية حساب السعرات الحرارية للتخسيس,0.0,1.0,0.0,66.0
salalah khareef,0.0,1.0,0.0,67.0
sliding dome masjid nabawi time,0.0,1.0,0.0,67.0
حساب الماكروز,0.0,1.0,0.0,67.0
حساب سعرات حرارية,0.0,1.0,0.0,67.0
حساب السعرات الحرارية للتضخيم,0.0,1.0,0.0,68.0
طريقة حساب السعرات,0.0,1.0,0.0,68.0
مهام يومية,0.0,1.0,0.0,68.0
حساب الاحتياج اليومي,0.0,1.0,0.0,69.0
home loan lenders,0.0,1.0,0.0,70.0
حساب السعرات الحرارية حسب الوزن,0.0,1.0,0.0,70.0
حساب السعرات الحرارية التي يحتاجها جسمي,0.0,1.0,0.0,72.0
low interest mortgage abu dhabi,0.0,1.0,0.0,73.0
peace at home,0.0,1.0,0.0,73.0
tourism for saudi arabia,0.0,1.0,0.0,75.0
tourism to saudi arabia,0.0,1.0,0.0,75.0
سعرات حراريه,0.0,1.0,0.0,75.0
calorie calculator عربي,0.0,1.0,0.0,78.0
كيف اعرف كم سعره احتاج,0.0,1.0,0.0,78.0
جهة القبلة,0.0,1.0,0.0,80.0
mortgage loan lenders,0.0,1.0,0.0,82.0
calorie,0.0,1.0,0.0,83.0
mortgage in saudi arabia,0.0,1.0,0.0,84.0
masjid nabawi closing time,0.0,1.0,0.0,85.0
prayer times in masjid nabawi,0.0,1.0,0.0,86.0
best plan for a family saudi arabia family & sharing plans,0.0,1.0,0.0,99.0
calorie calculator for women,0.0,1.0,0.0,99.0
does saudi arabia allow tourism,0.0,1.0,0.0,100.0
