القسم,الملف,كلمات,شرطات,المشاكل
blog,bmi-article-ar.html,8,0,قصير(<1200)؛ لا FAQ؛ لا Article-schema؛ لا FAQPage-schema؛ لا صورة رئيسية؛ روابط داخلية<3(1)؛ لا hreflang؛ Meta(0)
blog,bmi-article-en.html,1011,0,قصير(<1200)؛ لا FAQ؛ لا Article-schema؛ لا FAQPage-schema
blog,bmi-article.html,943,0,قصير(<1200)؛ لا FAQ؛ لا Article-schema؛ لا FAQPage-schema
blog,bmi-middle-eastern-adults-en.html,963,0,قصير(<1200)؛ لا FAQ؛ لا Article-schema؛ لا FAQPage-schema
blog,bmi-middle-eastern-adults.html,1334,0,قصير(<1200)؛ لا Article-schema؛ لا FAQPage-schema؛ Title(61)
blog,body-fat-vs-weight-guide-ar.html,1120,0,قصير(<1200)؛ لا صورة رئيسية؛ Meta(0)
blog,body-fat-vs-weight-guide-en.html,612,0,قصير(<1200)؛ لا Article-schema؛ لا FAQPage-schema
blog,body-fat-vs-weight-guide.html,512,0,قصير(<1200)؛ لا Article-schema؛ لا FAQPage-schema
blog,building-personal-savings-system-ar.html,8,0,قصير(<1200)؛ لا FAQ؛ لا Article-schema؛ لا FAQPage-schema؛ لا صورة رئيسية؛ روابط داخلية<3(1)؛ لا hreflang؛ Meta(0)
blog,building-personal-savings-system-en.html,1953,0,لا FAQ؛ لا Article-schema؛ لا FAQPage-schema
blog,building-personal-savings-system.html,1253,0,قصير(<1200)؛ لا FAQ؛ لا Article-schema؛ لا FAQPage-schema
blog,children-education-savings-guide-ar.html,8,0,قصير(<1200)؛ لا FAQ؛ لا Article-schema؛ لا FAQPage-schema؛ لا صورة رئيسية؛ روابط داخلية<3(1)؛ لا hreflang؛ Meta(0)
blog,children-education-savings-guide-en.html,2077,0,لا FAQ؛ لا Article-schema؛ لا FAQPage-schema
blog,children-education-savings-guide.html,1039,0,قصير(<1200)؛ لا FAQ؛ لا Article-schema؛ لا FAQPage-schema
blog,choosing-right-school-child-gulf-ar.html,8,0,قصير(<1200)؛ لا FAQ؛ لا Article-schema؛ لا FAQPage-schema؛ لا صورة رئيسية؛ روابط داخلية<3(1)؛ لا hreflang؛ Meta(0)
blog,choosing-right-school-child-gulf-en.html,1799,0,لا FAQ؛ لا Article-schema؛ لا FAQPage-schema
blog,choosing-right-school-child-gulf.html,1185,0,قصير(<1200)؛ لا FAQ؛ لا Article-schema؛ لا FAQPage-schema
blog,complete-family-financial-planning-ar.html,8,0,قصير(<1200)؛ لا FAQ؛ لا Article-schema؛ لا FAQPage-schema؛ لا صورة رئيسية؛ روابط داخلية<3(1)؛ لا hreflang؛ Meta(0)
blog,complete-family-financial-planning-en.html,2416,0,لا FAQ؛ لا Article-schema؛ لا FAQPage-schema
blog,complete-family-financial-planning.html,2003,0,لا FAQ؛ لا Article-schema؛ لا FAQPage-schema
blog,complete-family-systems-productivity-hub-ar.html,8,0,قصير(<1200)؛ لا FAQ؛ لا Article-schema؛ لا FAQPage-schema؛ لا صورة رئيسية؛ روابط داخلية<3(1)؛ لا hreflang؛ Meta(0)
blog,complete-family-systems-productivity-hub-en.html,1895,0,لا FAQ؛ لا Article-schema؛ لا FAQPage-schema
blog,complete-family-systems-productivity-hub.html,1045,0,قصير(<1200)؛ لا FAQ؛ لا Article-schema؛ لا FAQPage-schema
blog,complete-family-travel-activities-hub-ar.html,8,0,قصير(<1200)؛ لا FAQ؛ لا Article-schema؛ لا FAQPage-schema؛ لا صورة رئيسية؛ روابط داخلية<3(1)؛ لا hreflang؛ Meta(0)
blog,complete-family-travel-activities-hub-en.html,1933,0,لا FAQ؛ لا Article-schema؛ لا FAQPage-schema
blog,complete-family-travel-activities-hub.html,1075,0,قصير(<1200)؛ لا FAQ؛ لا Article-schema؛ لا FAQPage-schema
blog,complete-gulf-family-financial-life-hub-ar.html,8,0,قصير(<1200)؛ لا FAQ؛ لا Article-schema؛ لا FAQPage-schema؛ لا صورة رئيسية؛ روابط داخلية<3(1)؛ لا hreflang؛ Meta(0)
blog,complete-gulf-family-financial-life-hub-en.html,1799,0,لا FAQ؛ لا Article-schema؛ لا FAQPage-schema
blog,complete-gulf-family-financial-life-hub.html,1466,0,لا FAQ؛ لا Article-schema؛ لا FAQPage-schema
blog,complete-gulf-family-health-wellness-ar.html,8,0,قصير(<1200)؛ لا FAQ؛ لا Article-schema؛ لا FAQPage-schema؛ لا صورة رئيسية؛ روابط داخلية<3(1)؛ لا hreflang؛ Meta(0)
blog,complete-gulf-family-health-wellness-en.html,2096,0,لا FAQ؛ لا Article-schema؛ لا FAQPage-schema
blog,complete-gulf-family-health-wellness.html,1097,0,قصير(<1200)؛ لا FAQ؛ لا Article-schema؛ لا FAQPage-schema
blog,complete-household-budget-system-ar.html,8,0,قصير(<1200)؛ لا FAQ؛ لا Article-schema؛ لا FAQPage-schema؛ لا صورة رئيسية؛ روابط داخلية<3(1)؛ لا hreflang؛ Meta(0)
blog,complete-household-budget-system-en.html,1945,0,لا FAQ؛ لا Article-schema؛ لا FAQPage-schema
blog,complete-household-budget-system.html,1214,0,قصير(<1200)؛ لا FAQ؛ لا Article-schema؛ لا FAQPage-schema
blog,complete-islamic-lifestyle-guide-ar.html,8,0,قصير(<1200)؛ لا FAQ؛ لا Article-schema؛ لا FAQPage-schema؛ لا صورة رئيسية؛ روابط داخلية<3(1)؛ لا hreflang؛ Meta(0)
blog,complete-islamic-lifestyle-guide-en.html,1865,0,لا FAQ؛ لا Article-schema؛ لا FAQPage-schema
blog,complete-islamic-lifestyle-guide.html,1218,0,قصير(<1200)؛ لا FAQ؛ لا Article-schema؛ لا FAQPage-schema
blog,daily-islamic-habits-guide-ar.html,8,0,قصير(<1200)؛ لا FAQ؛ لا Article-schema؛ لا FAQPage-schema؛ لا صورة رئيسية؛ روابط داخلية<3(1)؛ لا hreflang؛ Meta(0)
blog,daily-islamic-habits-guide-en.html,1336,0,قصير(<1200)؛ لا FAQ؛ لا Article-schema؛ لا FAQPage-schema
blog,daily-islamic-habits-guide.html,1096,0,قصير(<1200)؛ لا FAQ؛ لا Article-schema؛ لا FAQPage-schema
blog,digital-minimalism-families-ar.html,8,0,قصير(<1200)؛ لا FAQ؛ لا Article-schema؛ لا FAQPage-schema؛ لا صورة رئيسية؛ روابط داخلية<3(1)؛ لا hreflang؛ Meta(0)
blog,digital-minimalism-families-en.html,3072,0,لا FAQ؛ لا Article-schema؛ لا FAQPage-schema
blog,digital-minimalism-families.html,3001,0,لا FAQ؛ لا Article-schema؛ لا FAQPage-schema
blog,emergency-fund-calculator-guide-ar.html,8,0,قصير(<1200)؛ لا FAQ؛ لا Article-schema؛ لا FAQPage-schema؛ لا صورة رئيسية؛ روابط داخلية<3(1)؛ لا hreflang؛ Meta(0)
blog,emergency-fund-calculator-guide-en.html,1103,0,قصير(<1200)؛ لا FAQ؛ لا Article-schema؛ لا FAQPage-schema
blog,emergency-fund-calculator-guide.html,818,0,قصير(<1200)؛ لا FAQ؛ لا Article-schema؛ لا FAQPage-schema
blog,end-of-service-benefits-expats-ar.html,8,0,قصير(<1200)؛ لا FAQ؛ لا Article-schema؛ لا FAQPage-schema؛ لا صورة رئيسية؛ روابط داخلية<3(1)؛ لا hreflang؛ Meta(0)
blog,end-of-service-benefits-expats-en.html,1449,0,لا FAQ؛ لا Article-schema؛ لا FAQPage-schema
blog,end-of-service-benefits-expats.html,933,0,قصير(<1200)؛ لا FAQ؛ لا Article-schema؛ لا FAQPage-schema
blog,end-of-service-saudi-ar.html,8,0,قصير(<1200)؛ لا FAQ؛ لا Article-schema؛ لا FAQPage-schema؛ لا صورة رئيسية؛ روابط داخلية<3(1)؛ لا hreflang؛ Meta(0)
blog,end-of-service-saudi-en.html,480,0,قصير(<1200)؛ لا FAQ؛ لا Article-schema؛ لا FAQPage-schema
blog,end-of-service-saudi.html,432,0,قصير(<1200)؛ لا FAQ؛ لا Article-schema؛ لا FAQPage-schema
blog,expat-vs-national-finance-ar.html,8,0,قصير(<1200)؛ لا FAQ؛ لا Article-schema؛ لا FAQPage-schema؛ لا صورة رئيسية؛ روابط داخلية<3(1)؛ لا hreflang؛ Meta(0)
blog,expat-vs-national-finance-en.html,823,0,قصير(<1200)؛ لا FAQ؛ لا Article-schema؛ لا FAQPage-schema
blog,expat-vs-national-finance.html,806,0,قصير(<1200)؛ لا FAQ؛ لا Article-schema؛ لا FAQPage-schema
blog,family-budget-planning-guide-ar.html,8,0,قصير(<1200)؛ لا FAQ؛ لا Article-schema؛ لا FAQPage-schema؛ لا صورة رئيسية؛ روابط داخلية<3(1)؛ لا hreflang؛ Meta(0)
blog,family-budget-planning-guide-en.html,1368,0,لا FAQ؛ لا Article-schema؛ لا FAQPage-schema
blog,family-budget-planning-guide.html,2211,0,لا FAQ؛ لا Article-schema؛ لا FAQPage-schema
blog,family-friendly-activities-gulf-cities-ar.html,8,0,قصير(<1200)؛ لا FAQ؛ لا Article-schema؛ لا FAQPage-schema؛ لا صورة رئيسية؛ روابط داخلية<3(1)؛ لا hreflang؛ Meta(0)
blog,family-friendly-activities-gulf-cities-en.html,1503,0,لا FAQ؛ لا Article-schema؛ لا FAQPage-schema
blog,family-friendly-activities-gulf-cities.html,923,0,قصير(<1200)؛ لا FAQ؛ لا Article-schema؛ لا FAQPage-schema
blog,family-nutrition-on-budget-ar.html,8,0,قصير(<1200)؛ لا FAQ؛ لا Article-schema؛ لا FAQPage-schema؛ لا صورة رئيسية؛ روابط داخلية<3(1)؛ لا hreflang؛ Meta(0)
blog,family-nutrition-on-budget-en.html,1775,0,لا FAQ؛ لا Article-schema؛ لا FAQPage-schema
blog,family-nutrition-on-budget.html,1429,0,لا FAQ؛ لا Article-schema؛ لا FAQPage-schema
blog,family-travel-planning-without-overspending-ar.html,8,0,قصير(<1200)؛ لا FAQ؛ لا Article-schema؛ لا FAQPage-schema؛ لا صورة رئيسية؛ روابط داخلية<3(1)؛ لا hreflang؛ Meta(0)
blog,family-travel-planning-without-overspending-en.html,2341,0,لا FAQ؛ لا Article-schema؛ لا FAQPage-schema
blog,family-travel-planning-without-overspending.html,2308,0,لا FAQ؛ لا Article-schema؛ لا FAQPage-schema
blog,gcc-family-budget-2025-en.html,2150,0,Title(71)؛ Meta(170)
blog,gcc-family-budget-2025.html,1889,0,Title(63)
blog,gold-vs-savings-account-comparison-en.html,1451,0,لا FAQ؛ لا Article-schema؛ لا FAQPage-schema؛ Title(63)
blog,gold-vs-savings-account-comparison.html,1309,0,قصير(<1200)؛ لا FAQ؛ لا Article-schema؛ لا FAQPage-schema
blog,hajj-umrah-guide-2025-en.html,2158,0,Title(70)
blog,hajj-umrah-guide-2025.html,1690,0,Title(62)
blog,hotel-near-haram-vs-budget-umrah-ar.html,8,0,قصير(<1200)؛ لا FAQ؛ لا Article-schema؛ لا FAQPage-schema؛ لا صورة رئيسية؛ روابط داخلية<3(1)؛ لا hreflang؛ Meta(0)
blog,hotel-near-haram-vs-budget-umrah-en.html,1231,0,قصير(<1200)؛ لا FAQ؛ لا Article-schema؛ لا FAQPage-schema
blog,hotel-near-haram-vs-budget-umrah.html,1103,0,قصير(<1200)؛ لا FAQ؛ لا Article-schema؛ لا FAQPage-schema
blog,house-affordability-single-income-guide-ar.html,8,0,قصير(<1200)؛ لا FAQ؛ لا Article-schema؛ لا FAQPage-schema؛ لا صورة رئيسية؛ روابط داخلية<3(1)؛ لا hreflang؛ Meta(0)
blog,house-affordability-single-income-guide-en.html,1029,0,قصير(<1200)؛ لا FAQ؛ لا Article-schema؛ لا FAQPage-schema
blog,house-affordability-single-income-guide.html,627,0,قصير(<1200)؛ لا FAQ؛ لا Article-schema؛ لا FAQPage-schema
blog,hydration-guide-en.html,1963,0,Title(66)
blog,hydration-guide.html,1802,0,✅ سليم
blog,islamic-inheritance-basics-ar.html,8,0,قصير(<1200)؛ لا FAQ؛ لا Article-schema؛ لا FAQPage-schema؛ لا صورة رئيسية؛ روابط داخلية<3(1)؛ لا hreflang؛ Meta(0)
blog,islamic-inheritance-basics-en.html,1210,0,قصير(<1200)؛ لا FAQ؛ لا Article-schema؛ لا FAQPage-schema
blog,islamic-inheritance-basics.html,1012,0,قصير(<1200)؛ لا FAQ؛ لا Article-schema؛ لا FAQPage-schema
blog,life-insurance-gulf-families-ar.html,8,0,قصير(<1200)؛ لا FAQ؛ لا Article-schema؛ لا FAQPage-schema؛ لا صورة رئيسية؛ روابط داخلية<3(1)؛ لا hreflang؛ Meta(0)
blog,life-insurance-gulf-families-en.html,1645,0,لا FAQ؛ لا Article-schema؛ لا FAQPage-schema
blog,life-insurance-gulf-families.html,1122,0,قصير(<1200)؛ لا FAQ؛ لا Article-schema؛ لا FAQPage-schema
blog,makkah-hotels-guide-en.html,1663,0,Title(77)
blog,makkah-hotels-guide.html,1583,0,Title(78)
blog,managing-healthcare-costs-families-ar.html,8,0,قصير(<1200)؛ لا FAQ؛ لا Article-schema؛ لا FAQPage-schema؛ لا صورة رئيسية؛ روابط داخلية<3(1)؛ لا hreflang؛ Meta(0)
blog,managing-healthcare-costs-families-en.html,1510,0,لا FAQ؛ لا Article-schema؛ لا FAQPage-schema
blog,managing-healthcare-costs-families.html,1024,0,قصير(<1200)؛ لا FAQ؛ لا Article-schema؛ لا FAQPage-schema
blog,managing-screen-time-children-ar.html,8,0,قصير(<1200)؛ لا FAQ؛ لا Article-schema؛ لا FAQPage-schema؛ لا صورة رئيسية؛ روابط داخلية<3(1)؛ لا hreflang؛ Meta(0)
blog,managing-screen-time-children-en.html,1834,0,لا FAQ؛ لا Article-schema؛ لا FAQPage-schema
blog,managing-screen-time-children.html,1213,0,قصير(<1200)؛ لا FAQ؛ لا Article-schema؛ لا FAQPage-schema
blog,masjid-nabawi-complete-guide-en.html,2082,0,Title(63)
blog,masjid-nabawi-complete-guide.html,2054,0,Meta(170)
blog,medina-hotels-near-masjid-nabawi-en.html,1572,0,لا FAQ؛ لا Article-schema؛ لا FAQPage-schema
blog,medina-hotels-near-masjid-nabawi.html,1806,0,لا FAQ؛ لا Article-schema؛ لا FAQPage-schema
blog,mindful-living-gulf-heat-ar.html,8,0,قصير(<1200)؛ لا FAQ؛ لا Article-schema؛ لا FAQPage-schema؛ لا صورة رئيسية؛ روابط داخلية<3(1)؛ لا hreflang؛ Meta(0)
blog,mindful-living-gulf-heat-en.html,736,0,قصير(<1200)؛ لا FAQ؛ لا Article-schema؛ لا FAQPage-schema
blog,mindful-living-gulf-heat.html,691,0,قصير(<1200)؛ لا FAQ؛ لا Article-schema؛ لا FAQPage-schema
blog,natural-birth-vs-c-section-comparison-en.html,1123,0,قصير(<1200)؛ لا FAQ؛ لا Article-schema؛ لا FAQPage-schema
blog,natural-birth-vs-c-section-comparison.html,1052,0,قصير(<1200)؛ لا FAQ؛ لا Article-schema؛ لا FAQPage-schema
blog,notification-cost-productivity-ar.html,8,0,قصير(<1200)؛ لا FAQ؛ لا Article-schema؛ لا FAQPage-schema؛ لا صورة رئيسية؛ روابط داخلية<3(1)؛ لا hreflang؛ Meta(0)
blog,notification-cost-productivity-en.html,1036,0,قصير(<1200)؛ لا FAQ؛ لا Article-schema؛ لا FAQPage-schema
blog,notification-cost-productivity.html,970,0,قصير(<1200)؛ لا FAQ؛ لا Article-schema؛ لا FAQPage-schema
blog,organize-life-daily-systems-ar.html,8,0,قصير(<1200)؛ لا FAQ؛ لا Article-schema؛ لا FAQPage-schema؛ لا صورة رئيسية؛ روابط داخلية<3(1)؛ لا hreflang؛ Meta(0)
blog,organize-life-daily-systems-en.html,2092,0,لا FAQ؛ لا Article-schema؛ لا FAQPage-schema
blog,organize-life-daily-systems.html,1375,0,لا FAQ؛ لا Article-schema؛ لا FAQPage-schema
blog,pistachios-vs-almonds-comparison-ar.html,8,0,قصير(<1200)؛ لا FAQ؛ لا Article-schema؛ لا FAQPage-schema؛ لا صورة رئيسية؛ روابط داخلية<3(1)؛ لا hreflang؛ Meta(0)
blog,pistachios-vs-almonds-comparison-en.html,1212,0,قصير(<1200)؛ لا FAQ؛ لا Article-schema؛ لا FAQPage-schema
blog,pistachios-vs-almonds-comparison.html,1070,0,قصير(<1200)؛ لا FAQ؛ لا Article-schema؛ لا FAQPage-schema
blog,pregnancy-and-umrah-guide-en.html,1920,0,Title(68)؛ Meta(185)
blog,pregnancy-and-umrah-guide.html,1866,0,✅ سليم
blog,pregnancy-nutrition-first-trimester-ar.html,8,0,قصير(<1200)؛ لا FAQ؛ لا Article-schema؛ لا FAQPage-schema؛ لا صورة رئيسية؛ روابط داخلية<3(1)؛ لا hreflang؛ Meta(0)
blog,pregnancy-nutrition-first-trimester-en.html,445,0,قصير(<1200)؛ لا FAQ؛ لا Article-schema؛ لا FAQPage-schema
blog,pregnancy-nutrition-first-trimester.html,409,0,قصير(<1200)؛ لا FAQ؛ لا Article-schema؛ لا FAQPage-schema
blog,pregnancy-weeks-guide-ar.html,8,0,قصير(<1200)؛ لا FAQ؛ لا Article-schema؛ لا FAQPage-schema؛ لا صورة رئيسية؛ روابط داخلية<3(1)؛ لا hreflang؛ Meta(0)
blog,pregnancy-weeks-guide-en.html,1299,0,قصير(<1200)؛ لا FAQ؛ لا Article-schema؛ لا FAQPage-schema
blog,pregnancy-weeks-guide.html,1205,0,قصير(<1200)؛ لا FAQ؛ لا Article-schema؛ لا FAQPage-schema
blog,preparing-for-pregnancy-guide-ar.html,8,0,قصير(<1200)؛ لا FAQ؛ لا Article-schema؛ لا FAQPage-schema؛ لا صورة رئيسية؛ روابط داخلية<3(1)؛ لا hreflang؛ Meta(0)
blog,preparing-for-pregnancy-guide-en.html,2139,0,لا FAQ؛ لا Article-schema؛ لا FAQPage-schema
blog,preparing-for-pregnancy-guide.html,1127,0,قصير(<1200)؛ لا FAQ؛ لا Article-schema؛ لا FAQPage-schema
blog,ramadan-meal-planning-ar.html,8,0,قصير(<1200)؛ لا FAQ؛ لا Article-schema؛ لا FAQPage-schema؛ لا صورة رئيسية؛ روابط داخلية<3(1)؛ لا hreflang؛ Meta(0)
blog,ramadan-meal-planning-en.html,893,0,قصير(<1200)؛ لا FAQ؛ لا Article-schema؛ لا FAQPage-schema
blog,ramadan-meal-planning.html,811,0,قصير(<1200)؛ لا FAQ؛ لا Article-schema؛ لا FAQPage-schema
blog,ramadan-preparation-guide-families-ar.html,14,0,قصير(<1200)؛ لا FAQ؛ لا Article-schema؛ لا FAQPage-schema؛ لا صورة رئيسية؛ روابط داخلية<3(1)؛ لا hreflang؛ Meta(0)
blog,ramadan-preparation-guide-families-en.html,1961,0,لا FAQ؛ لا Article-schema؛ لا FAQPage-schema
blog,ramadan-preparation-guide-families.html,656,0,قصير(<1200)؛ لا FAQ؛ لا Article-schema؛ لا FAQPage-schema
blog,rent-vs-buy-comparison-guide-ar.html,8,0,قصير(<1200)؛ لا FAQ؛ لا Article-schema؛ لا FAQPage-schema؛ لا صورة رئيسية؛ روابط داخلية<3(1)؛ لا hreflang؛ Meta(0)
blog,rent-vs-buy-comparison-guide-en.html,1037,0,قصير(<1200)؛ لا FAQ؛ لا Article-schema؛ لا FAQPage-schema
blog,rent-vs-buy-comparison-guide.html,941,0,قصير(<1200)؛ لا FAQ؛ لا Article-schema؛ لا FAQPage-schema
blog,rent-vs-buy-saudi-ar.html,8,0,قصير(<1200)؛ لا FAQ؛ لا Article-schema؛ لا FAQPage-schema؛ لا صورة رئيسية؛ روابط داخلية<3(1)؛ لا hreflang؛ Meta(0)
blog,rent-vs-buy-saudi-en.html,462,0,قصير(<1200)؛ لا FAQ؛ لا Article-schema؛ لا FAQPage-schema
blog,rent-vs-buy-saudi-guide-2026-ar.html,16,0,قصير(<1200)؛ لا FAQ؛ لا Article-schema؛ لا FAQPage-schema؛ لا صورة رئيسية؛ روابط داخلية<3(1)؛ لا hreflang؛ Meta(0)
blog,rent-vs-buy-saudi-guide-2026-en.html,1819,0,لا FAQ؛ لا Article-schema؛ لا FAQPage-schema؛ Title(63)
blog,rent-vs-buy-saudi-guide-2026.html,764,0,قصير(<1200)؛ لا FAQ؛ لا Article-schema؛ لا FAQPage-schema
blog,rent-vs-buy-saudi.html,398,0,قصير(<1200)؛ لا FAQ؛ لا Article-schema؛ لا FAQPage-schema
blog,rental-property-vs-reits-comparison-ar.html,8,0,قصير(<1200)؛ لا FAQ؛ لا Article-schema؛ لا FAQPage-schema؛ لا صورة رئيسية؛ روابط داخلية<3(1)؛ لا hreflang؛ Meta(0)
blog,rental-property-vs-reits-comparison-en.html,1095,0,قصير(<1200)؛ لا FAQ؛ لا Article-schema؛ لا FAQPage-schema
blog,rental-property-vs-reits-comparison.html,998,0,قصير(<1200)؛ لا FAQ؛ لا Article-schema؛ لا FAQPage-schema
blog,salalah-khareef-ar.html,8,0,قصير(<1200)؛ لا FAQ؛ لا Article-schema؛ لا FAQPage-schema؛ لا صورة رئيسية؛ روابط داخلية<3(1)؛ لا hreflang؛ Meta(0)
blog,salalah-khareef-en.html,1172,0,قصير(<1200)؛ لا FAQ؛ لا Article-schema؛ لا FAQPage-schema
blog,salalah-khareef.html,1082,0,قصير(<1200)؛ لا FAQ؛ لا Article-schema؛ لا FAQPage-schema
blog,salalah-travel-guide-2025-en.html,1742,0,Title(82)
blog,salalah-travel-guide-2025.html,1498,0,✅ سليم
blog,saudi-mortgage-guide-2025-en.html,2359,0,Title(72)
blog,saudi-mortgage-guide-2025.html,1865,0,Title(69)
blog,saving-for-education-gulf-ar.html,8,0,قصير(<1200)؛ لا FAQ؛ لا Article-schema؛ لا FAQPage-schema؛ لا صورة رئيسية؛ روابط داخلية<3(1)؛ لا hreflang؛ Meta(0)
blog,saving-for-education-gulf-en.html,438,0,قصير(<1200)؛ لا FAQ؛ لا Article-schema؛ لا FAQPage-schema
blog,saving-for-education-gulf.html,392,0,قصير(<1200)؛ لا FAQ؛ لا Article-schema؛ لا FAQPage-schema
blog,starting-side-business-saudi-uae-ar.html,8,0,قصير(<1200)؛ لا FAQ؛ لا Article-schema؛ لا FAQPage-schema؛ لا صورة رئيسية؛ روابط داخلية<3(1)؛ لا hreflang؛ Meta(0)
blog,starting-side-business-saudi-uae-en.html,1339,0,قصير(<1200)؛ لا FAQ؛ لا Article-schema؛ لا FAQPage-schema
blog,starting-side-business-saudi-uae.html,918,0,قصير(<1200)؛ لا FAQ؛ لا Article-schema؛ لا FAQPage-schema
blog,stress-management-working-parents-ar.html,8,0,قصير(<1200)؛ لا FAQ؛ لا Article-schema؛ لا FAQPage-schema؛ لا صورة رئيسية؛ روابط داخلية<3(1)؛ لا hreflang؛ Meta(0)
blog,stress-management-working-parents-en.html,1501,0,لا FAQ؛ لا Article-schema؛ لا FAQPage-schema
blog,stress-management-working-parents.html,997,0,قصير(<1200)؛ لا FAQ؛ لا Article-schema؛ لا FAQPage-schema
blog,teaching-children-financial-literacy-ar.html,8,0,قصير(<1200)؛ لا FAQ؛ لا Article-schema؛ لا FAQPage-schema؛ لا صورة رئيسية؛ روابط داخلية<3(1)؛ لا hreflang؛ Meta(0)
blog,teaching-children-financial-literacy-en.html,1933,0,لا FAQ؛ لا Article-schema؛ لا FAQPage-schema
blog,teaching-children-financial-literacy.html,1336,0,قصير(<1200)؛ لا FAQ؛ لا Article-schema؛ لا FAQPage-schema
blog,umrah-budget-guide-families-en.html,1209,0,قصير(<1200)؛ لا FAQ؛ لا Article-schema؛ لا FAQPage-schema
blog,umrah-budget-guide-families.html,1030,0,قصير(<1200)؛ لا FAQ؛ لا Article-schema؛ لا FAQPage-schema
blog,umrah-packing-checklist-guide-ar.html,8,0,قصير(<1200)؛ لا FAQ؛ لا Article-schema؛ لا FAQPage-schema؛ لا صورة رئيسية؛ روابط داخلية<3(1)؛ لا hreflang؛ Meta(0)
blog,umrah-packing-checklist-guide-en.html,1192,0,قصير(<1200)؛ لا FAQ؛ لا Article-schema؛ لا FAQPage-schema
blog,umrah-packing-checklist-guide.html,791,0,قصير(<1200)؛ لا FAQ؛ لا Article-schema؛ لا FAQPage-schema
blog,umrah-visa-gulf-residents-guide-en.html,1545,0,لا FAQ؛ لا Article-schema؛ لا FAQPage-schema
blog,umrah-visa-gulf-residents-guide.html,1867,0,لا FAQ؛ لا Article-schema؛ لا FAQPage-schema
blog,umrah-with-kids-guide-en.html,1773,0,Title(62)؛ Meta(189)
blog,umrah-with-kids-guide.html,1921,0,Meta(163)
blog,visceral-fat-gulf-ar.html,8,0,قصير(<1200)؛ لا FAQ؛ لا Article-schema؛ لا FAQPage-schema؛ لا صورة رئيسية؛ روابط داخلية<3(1)؛ لا hreflang؛ Meta(0)
blog,visceral-fat-gulf-en.html,671,0,قصير(<1200)؛ لا FAQ؛ لا Article-schema؛ لا FAQPage-schema
blog,visceral-fat-gulf.html,585,0,قصير(<1200)؛ لا FAQ؛ لا Article-schema؛ لا FAQPage-schema
blog,walking-vs-running-comparison-en.html,1226,0,قصير(<1200)؛ لا FAQ؛ لا Article-schema؛ لا FAQPage-schema
blog,walking-vs-running-comparison.html,1133,0,قصير(<1200)؛ لا FAQ؛ لا Article-schema؛ لا FAQPage-schema
blog,water-intake-hot-climates-guide-en.html,1341,0,قصير(<1200)؛ لا FAQ؛ لا Article-schema؛ لا FAQPage-schema
blog,water-intake-hot-climates-guide.html,1289,0,قصير(<1200)؛ لا Article-schema؛ لا FAQPage-schema
blog,zakat-calculator-modern-investments-guide-ar.html,8,0,قصير(<1200)؛ لا FAQ؛ لا Article-schema؛ لا FAQPage-schema؛ لا صورة رئيسية؛ روابط داخلية<3(1)؛ لا hreflang؛ Meta(0)
blog,zakat-calculator-modern-investments-guide-en.html,1287,0,قصير(<1200)؛ لا FAQ؛ لا Article-schema؛ لا FAQPage-schema
blog,zakat-calculator-modern-investments-guide.html,1097,0,قصير(<1200)؛ لا FAQ؛ لا Article-schema؛ لا FAQPage-schema
blog,zakat-guide-2025-en.html,1915,0,Title(74)
blog,zakat-guide-2025.html,1470,0,✅ سليم
blog,zakat-investment-portfolios-ar.html,8,0,قصير(<1200)؛ لا FAQ؛ لا Article-schema؛ لا FAQPage-schema؛ لا صورة رئيسية؛ روابط داخلية<3(1)؛ لا hreflang؛ Meta(0)
blog,zakat-investment-portfolios-en.html,1278,0,قصير(<1200)؛ لا FAQ؛ لا Article-schema؛ لا FAQPage-schema
blog,zakat-investment-portfolios.html,1123,0,قصير(<1200)؛ لا FAQ؛ لا Article-schema؛ لا FAQPage-schema
health,bmi-calculator-women.html,1260,0,قصير(<1200)؛ لا Article-schema؛ لا إخلاء مسؤولية؛ Title(62)
health,children-sleep-summer-en.html,2067,0,لا صورة رئيسية؛ Title(85)؛ Meta(167)
health,children-sleep-summer.html,1930,0,لا صورة رئيسية؛ Title(72)
health,daily-walking-benefits-en.html,664,0,قصير(<1200)؛ لا FAQ؛ لا FAQPage-schema؛ لا إخلاء مسؤولية؛ لا صورة رئيسية؛ Title(70)؛ Meta(176)
health,daily-walking-benefits.html,676,0,قصير(<1200)؛ لا FAQ؛ لا FAQPage-schema؛ لا إخلاء مسؤولية؛ لا صورة رئيسية؛ Title(62)
health,pregnancy-week-by-week.html,1367,0,لا Article-schema؛ لا إخلاء مسؤولية؛ Title(66)؛ Meta(165)
health-pregnancy,preconception-checkups-en.html,560,0,قصير(<1200)؛ لا FAQ؛ لا FAQPage-schema؛ لا إخلاء مسؤولية؛ Title(66)
health-pregnancy,preconception-checkups.html,548,0,قصير(<1200)؛ لا FAQ؛ لا FAQPage-schema؛ لا إخلاء مسؤولية؛ Title(62)
finance-wealth,family-budget-plan-en.html,639,0,قصير(<1200)؛ لا FAQ؛ لا FAQPage-schema؛ لا إخلاء مسؤولية؛ Title(64)
finance-wealth,family-budget-plan.html,563,0,قصير(<1200)؛ لا FAQ؛ لا FAQPage-schema؛ لا إخلاء مسؤولية
finance-wealth,investment-basics-beginners-en.html,286,0,قصير(<1200)؛ لا FAQ؛ لا FAQPage-schema؛ لا إخلاء مسؤولية؛ لا صورة رئيسية؛ Title(67)
finance-wealth,investment-basics-beginners.html,287,0,قصير(<1200)؛ لا FAQ؛ لا FAQPage-schema؛ لا إخلاء مسؤولية؛ لا صورة رئيسية؛ Title(65)
islamic-hajj-umrah,daily-adhkar-family-guide-en.html,602,0,قصير(<1200)؛ لا FAQ؛ لا Article-schema؛ لا FAQPage-schema؛ لا إخلاء مسؤولية؛ لا صورة رئيسية؛ Title(65)
islamic-hajj-umrah,daily-adhkar-family-guide.html,566,0,قصير(<1200)؛ لا FAQ؛ لا Article-schema؛ لا FAQPage-schema؛ لا إخلاء مسؤولية؛ لا صورة رئيسية
islamic-hajj-umrah,hijri-new-year-children-en.html,1263,0,قصير(<1200)؛ Title(105)؛ Meta(163)
islamic-hajj-umrah,hijri-new-year-children.html,1190,0,قصير(<1200)؛ Title(93)
islamic-hajj-umrah,teaching-children-allah-names-en.html,1644,0,لا Article-schema؛ لا FAQPage-schema؛ لا صورة رئيسية
islamic-hajj-umrah,teaching-children-allah-names.html,1498,0,لا Article-schema؛ لا FAQPage-schema؛ لا صورة رئيسية
islamic-hajj-umrah,teaching-children-prayer-with-love-en.html,2357,0,لا صورة رئيسية؛ Title(90)؛ Meta(167)
islamic-hajj-umrah,teaching-children-prayer-with-love.html,1970,0,لا صورة رئيسية؛ Title(79)
islamic-hajj-umrah,umrah-with-kids-en.html,1042,0,قصير(<1200)؛ لا FAQ؛ لا FAQPage-schema؛ لا إخلاء مسؤولية
islamic-hajj-umrah,umrah-with-kids.html,886,0,قصير(<1200)؛ لا FAQ؛ لا FAQPage-schema؛ لا إخلاء مسؤولية
real-estate,dubai-property-roi.html,174,0,قصير(<1200)؛ لا FAQ؛ لا Article-schema؛ لا FAQPage-schema؛ Meta(0)
real-estate,jeddah-mortgage-calculator.html,883,0,قصير(<1200)؛ لا Article-schema؛ Title(70)
real-estate,oman-property-roi.html,729,0,قصير(<1200)؛ لا Article-schema؛ Title(72)
real-estate,rent-vs-buy-gulf-family-en.html,178,0,قصير(<1200)؛ لا FAQ؛ لا FAQPage-schema؛ لا صورة رئيسية؛ Title(63)
real-estate,rent-vs-buy-gulf-family.html,219,0,قصير(<1200)؛ لا FAQ؛ لا FAQPage-schema؛ لا صورة رئيسية
real-estate,riyadh-rental-yield.html,893,0,قصير(<1200)؛ لا Article-schema؛ Title(77)
travel,best-family-destinations-gulf-en.html,237,0,قصير(<1200)؛ لا FAQ؛ لا FAQPage-schema؛ لا صورة رئيسية؛ Title(73)
travel,best-family-destinations-gulf.html,254,0,قصير(<1200)؛ لا FAQ؛ لا FAQPage-schema؛ لا صورة رئيسية؛ Title(74)
productivity,family-time-management-en.html,264,0,قصير(<1200)؛ لا FAQ؛ لا FAQPage-schema؛ لا صورة رئيسية؛ Title(83)
productivity,family-time-management.html,290,0,قصير(<1200)؛ لا FAQ؛ لا FAQPage-schema؛ لا صورة رئيسية؛ Title(67)
fitness,calorie-calculator-saudi.html,879,0,قصير(<1200)؛ لا Article-schema؛ لا إخلاء مسؤولية؛ Title(74)
fitness,fitness-for-women-saudi.html,953,0,قصير(<1200)؛ لا Article-schema؛ لا إخلاء مسؤولية؛ Title(71)
fitness,ramadan-calorie-calculator.html,940,0,قصير(<1200)؛ لا Article-schema؛ لا إخلاء مسؤولية؛ Title(73)؛ Meta(169)
comparisons,comparisons-public-vs-private-education-en.html,485,0,قصير(<1200)؛ لا FAQ؛ لا FAQPage-schema؛ Title(74)
comparisons,comparisons-public-vs-private-education.html,662,0,قصير(<1200)؛ لا FAQ؛ لا FAQPage-schema؛ Title(75)
comparisons,comparisons-ready-vs-build-home-en.html,647,0,قصير(<1200)؛ لا FAQ؛ لا FAQPage-schema؛ Title(82)
comparisons,comparisons-ready-vs-build-home.html,826,0,قصير(<1200)؛ لا FAQ؛ لا FAQPage-schema؛ Title(81)
comparisons,domestic-vs-international-travel-family-en.html,828,0,قصير(<1200)؛ Title(112)؛ Meta(164)
comparisons,domestic-vs-international-travel-family.html,1212,0,قصير(<1200)؛ Title(94)؛ Meta(168)
comparisons,gold-vs-real-estate-gulf-family-en.html,2040,0,Title(85)؛ Meta(172)
comparisons,gold-vs-real-estate-gulf-family.html,1673,0,Title(78)
comparisons,government-vs-private-school-gulf-en.html,2003,0,لا صورة رئيسية؛ Title(93)؛ Meta(172)
comparisons,government-vs-private-school-gulf.html,1829,0,لا صورة رئيسية؛ Title(80)
comparisons,lease-vs-buy-car-en.html,869,0,قصير(<1200)؛ لا FAQ؛ لا FAQPage-schema؛ Title(67)
comparisons,lease-vs-buy-car.html,816,0,قصير(<1200)؛ لا FAQ؛ لا FAQPage-schema؛ Title(78)
comparisons,saving-vs-investing-gulf-family-en.html,1518,0,لا Article-schema؛ لا FAQPage-schema؛ لا صورة رئيسية؛ Title(75)
comparisons,saving-vs-investing-gulf-family.html,1399,0,لا Article-schema؛ لا FAQPage-schema؛ لا صورة رئيسية؛ Title(68)
peace-capsules,beat-summer-boredom-without-screens-en.html,1069,0,قصير(<1200)؛ Title(107)؛ Meta(162)
peace-capsules,beat-summer-boredom-without-screens.html,972,0,قصير(<1200)؛ Title(105)
peace-capsules,calm-corner-small-space-en.html,1970,0,لا صورة رئيسية؛ Title(87)؛ Meta(180)
peace-capsules,calm-corner-small-space.html,1659,0,لا صورة رئيسية؛ Title(70)؛ Meta(164)
peace-capsules,calm-morning-routine-family-en.html,1903,0,لا صورة رئيسية؛ Title(92)؛ Meta(164)
peace-capsules,calm-morning-routine-family.html,1742,0,لا صورة رئيسية؛ Title(73)
peace-capsules,evening-rituals-en.html,895,0,قصير(<1200)؛ لا FAQ؛ لا FAQPage-schema؛ Title(61)
peace-capsules,evening-rituals.html,1064,0,قصير(<1200)؛ لا FAQ؛ لا FAQPage-schema؛ Title(64)
peace-capsules,peace-at-home-5-steps-en.html,713,0,قصير(<1200)؛ لا FAQ؛ لا FAQPage-schema؛ Title(76)
peace-capsules,peace-at-home-5-steps.html,761,0,قصير(<1200)؛ لا FAQ؛ لا FAQPage-schema؛ Title(73)
featured-stories,arab-mother-startup-en.html,783,0,قصير(<1200)؛ لا FAQ؛ لا FAQPage-schema
featured-stories,arab-mother-startup.html,682,0,قصير(<1200)؛ لا FAQ؛ لا FAQPage-schema
featured-stories,emirati-grandmother-cooking-traditions-en.html,1673,0,لا صورة رئيسية؛ Title(96)؛ Meta(193)
featured-stories,emirati-grandmother-cooking-traditions.html,1472,0,لا صورة رئيسية؛ Title(71)
featured-stories,featured-story-arab-father-teens-en.html,391,0,قصير(<1200)؛ لا FAQ؛ لا FAQPage-schema؛ Title(91)
featured-stories,featured-story-arab-father-teens.html,508,0,قصير(<1200)؛ لا FAQ؛ لا FAQPage-schema؛ Title(78)
featured-stories,featured-story-gulf-family-home-en.html,417,0,قصير(<1200)؛ لا FAQ؛ لا FAQPage-schema؛ Title(76)
featured-stories,featured-story-gulf-family-home.html,537,0,قصير(<1200)؛ لا FAQ؛ لا FAQPage-schema؛ Title(71)
featured-stories,featured-story-saudi-mother-en.html,422,0,قصير(<1200)؛ لا FAQ؛ لا FAQPage-schema؛ Title(67)
featured-stories,featured-story-saudi-mother.html,449,0,قصير(<1200)؛ لا FAQ؛ لا FAQPage-schema؛ Title(77)
featured-stories,gulf-father-money-lessons-en.html,1547,0,Title(81)؛ Meta(163)
featured-stories,gulf-father-money-lessons.html,1300,0,قصير(<1200)؛ Title(70)
featured-stories,saudi-father-carpentry-workshop-en.html,1103,0,قصير(<1200)؛ Title(109)؛ Meta(185)
featured-stories,saudi-father-carpentry-workshop.html,968,0,قصير(<1200)؛ Title(83)
guides,bmi-guide-arabs-gcc.html,1897,0,لا FAQPage-schema؛ Title(65)؛ Meta(166)
guides,complete-life-guide.html,1442,0,Title(83)؛ Meta(161)
guides,indoor-plants-saudi-arabia.html,2480,0,لا FAQPage-schema؛ Title(81)
guides,mecca-medina.html,2929,0,لا FAQ؛ لا Article-schema؛ لا FAQPage-schema
guides,ramadan-nutrition-guide.html,2361,0,لا FAQPage-schema؛ Title(89)
guides,salalah-oman.html,2234,0,لا FAQ؛ لا Article-schema؛ لا FAQPage-schema
guides,saudi-mortgage-guide.html,2082,0,لا FAQPage-schema
guides,saudi-real-estate-investing.html,2260,0,لا FAQPage-schema؛ Title(90)
guides,saudi-tourism.html,2367,0,لا FAQ؛ لا Article-schema؛ لا FAQPage-schema؛ Title(76)
guides,zakat-complete-guide.html,1738,0,لا FAQPage-schema؛ Meta(180)
